user_id,expediente,email,password,role,ticket_id,title,description,category,status,priority,installation_id,place_name,object_name,lost_status,turno
U001,770503,user1@iteso.mx,77157806,docente,TK-3001,Reporte de equipo defectuoso,El problema se presenta desde la semana pasada.,docentes,en_proceso,baja,cancha,Banos edificio A,,,manana
U001,770503,user1@iteso.mx,77157806,docente,TK-3002,Problema en laboratorio de computo,El fallo se detecto durante la clase.,cosas_perdidas,abierto,alta,apoyo_estudiantil,Sala de lectura,Mochila,encontrado,tarde_noche
U001,770503,user1@iteso.mx,77157806,docente,TK-3003,Sistema no responde,El problema se presenta desde la semana pasada.,cosas_perdidas,abierto,alta,negocios,Salon multidisciplinario,Llaves,encontrado,tarde_noche
U002,758922,user2@iteso.mx,22804142,estudiante,TK-3004,Equipo lento durante el uso,El usuario no puede completar sus actividades.,cosas_perdidas,abierto,media,estacionamiento,Edificio negocios,USB,activo,tarde_noche
U002,758922,user2@iteso.mx,22804142,estudiante,TK-3005,Daño en pantalla del laboratorio,El equipo tarda demasiado en responder.,cosas_perdidas,abierto,alta,lab_quimica,Centro de apoyo estudiantil,Llaves,encontrado,tarde_noche
U002,758922,user2@iteso.mx,22804142,estudiante,TK-3006,Falla en proyector del salon,El problema se presenta desde la semana pasada.,instalaciones,en_proceso,baja,auditorio,Edificio negocios,,,manana
U003,773549,user3@iteso.mx,55759944,estudiante,TK-3007,Reporte de incidencia,Validar posible riesgo de seguridad.,docentes,abierto,alta,taller_ingenieria,Salon multidisciplinario,,,tarde_noche
U003,773549,user3@iteso.mx,55759944,estudiante,TK-3008,Extravio de cartera en instalaciones,Configuracion no se guardo correctamente.,docentes,en_proceso,baja,biblioteca,Cafeteria central,,,manana
U003,773549,user3@iteso.mx,55759944,estudiante,TK-3009,Extravio de cartera en instalaciones,Se detecto comportamiento inusual en el sistema.,instalaciones,abierto,baja,cancha,Laboratorio de computo,,,manana
U004,764107,user4@iteso.mx,79151362,estudiante,TK-3010,Reporte de mochila perdida,El problema se presenta desde la semana pasada.,docentes,abierto,alta,cafeteria,Taller de ingenieria,,,tarde_noche
U004,764107,user4@iteso.mx,79151362,estudiante,TK-3011,Objeto perdido en biblioteca,Se solicita atencion prioritaria al incidente.,docentes,cerrado,baja,estudios,Edificio ingenierias,,,manana
U004,764107,user4@iteso.mx,79151362,estudiante,TK-3012,Reporte de incidencia,La falla ocurre solo en ciertos horarios.,cosas_perdidas,abierto,alta,cancha,Sala de lectura,Cartera,encontrado,manana
U005,756048,user5@iteso.mx,69546561,docente,TK-3013,Problema en laboratorio de computo,El problema ocurre en mas de un dispositivo.,cosas_perdidas,abierto,media,negocios,Edificio humanidades,USB,activo,manana
U005,756048,user5@iteso.mx,69546561,docente,TK-3014,Sistema no responde,La falla ocurre solo en ciertos horarios.,docentes,cerrado,media,banos,Edificio humanidades,,,tarde_noche
U005,756048,user5@iteso.mx,69546561,docente,TK-3015,Daño en pantalla del laboratorio,El problema se presenta desde la semana pasada.,cosas_perdidas,en_proceso,baja,estacionamiento,Biblioteca central,Cartera,encontrado,tarde_noche
U006,752319,user6@iteso.mx,96367492,estudiante,TK-3016,Reporte de situación anómala,El fallo se detecto durante la clase.,docentes,en_proceso,alta,estacionamiento,Taller de ingenieria,,,manana
U006,752319,user6@iteso.mx,96367492,estudiante,TK-3017,Inconveniente en área de estudio,Se sospecha un problema de conexion.,instalaciones,abierto,alta,administracion,Cancha techada,,,tarde_noche
U006,752319,user6@iteso.mx,96367492,estudiante,TK-3018,Solicitud de verificación de red,La falla ocurre solo en ciertos horarios.,cosas_perdidas,en_proceso,media,estacionamiento,Banos edificio A,USB,activo,tarde_noche
U007,765204,user7@iteso.mx,28701416,estudiante,TK-3019,Advertencia de seguridad,El equipo tarda demasiado en responder.,docentes,en_proceso,media,estacionamiento,Laboratorio de computo,,,manana
U007,765204,user7@iteso.mx,28701416,estudiante,TK-3020,Error al iniciar sesion,El fallo se detecto durante la clase.,docentes,cerrado,alta,domo,Laboratorio de computo,,,manana
U007,765204,user7@iteso.mx,28701416,estudiante,TK-3021,Aviso de comportamiento anormal,Se solicita atencion prioritaria al incidente.,docentes,en_proceso,media,biblioteca,Salon multidisciplinario,,,tarde_noche
U008,771241,user8@iteso.mx,05216074,docente,TK-3022,Incidente recurrente reportado,Se solicita atencion prioritaria al incidente.,docentes,cerrado,baja,gimnasio,Cancha techada,,,manana
U008,771241,user8@iteso.mx,05216074,docente,TK-3023,Revisión solicitada del equipo,Error aparece despues de unos minutos de uso.,instalaciones,en_proceso,baja,administracion,Banos edificio A,,,manana
U008,771241,user8@iteso.mx,05216074,docente,TK-3024,Profesor solicita revisión del equipo,El servicio funciona de forma intermitente.,instalaciones,abierto,alta,estacionamiento,Sala de lectura,,,manana
U009,768091,user9@iteso.mx,80727086,estudiante,TK-3025,Falla en bocinas del aula,Se solicita atencion prioritaria al incidente.,instalaciones,cerrado,baja,lab_quimica,Banos edificio A,,,manana
U009,768091,user9@iteso.mx,80727086,estudiante,TK-3026,Falla en sistema de impresion,Se detecto comportamiento inusual en el sistema.,instalaciones,en_proceso,baja,lab_quimica,Banos edificio A,,,tarde_noche
U009,768091,user9@iteso.mx,80727086,estudiante,TK-3027,Interrupción en presentación del docente,Se necesita revision fisica del equipo.,instalaciones,abierto,alta,cancha,Laboratorio de computo,,,manana
U010,750943,user10@iteso.mx,84574267,docente,TK-3028,Profesor solicita revisión del equipo,Validar posible riesgo de seguridad.,docentes,en_proceso,baja,administracion,Auditorio principal,,,tarde_noche
U010,750943,user10@iteso.mx,84574267,docente,TK-3029,Aviso de comportamiento anormal,Sistema muestra mensajes de error al iniciar.,cosas_perdidas,en_proceso,alta,estacionamiento,Biblioteca central,Mochila,encontrado,tarde_noche
U010,750943,user10@iteso.mx,84574267,docente,TK-3030,Extravio de cartera en instalaciones,El equipo tarda demasiado en responder.,cosas_perdidas,en_proceso,media,estacionamiento,Taller de ingenieria,Llaves,activo,tarde_noche
U011,779302,user11@iteso.mx,80707896,estudiante,TK-3031,Falla en equipo de computo,Error aparece despues de unos minutos de uso.,cosas_perdidas,en_proceso,alta,gimnasio,Laboratorio de quimica,Guantes,encontrado,tarde_noche
U011,779302,user11@iteso.mx,80707896,estudiante,TK-3032,Objeto perdido en biblioteca,Se solicita atencion prioritaria al incidente.,docentes,abierto,media,biblioteca,Auditorio principal,,,tarde_noche
U011,779302,user11@iteso.mx,80707896,estudiante,TK-3033,Solicitud de verificación de red,El usuario no puede completar sus actividades.,docentes,abierto,alta,banos,Edificio ingenierias,,,manana
U012,770578,user12@iteso.mx,92079607,docente,TK-3034,Incidente en edificio de ingenierias,El equipo deja de responder aleatoriamente.,cosas_perdidas,en_proceso,baja,negocios,Laboratorio de computo,USB,activo,manana
U012,770578,user12@iteso.mx,92079607,docente,TK-3035,Equipo lento durante el uso,Configuracion no se guardo correctamente.,instalaciones,en_proceso,media,lab_computo,Laboratorio de computo,,,tarde_noche
U012,770578,user12@iteso.mx,92079607,docente,TK-3036,Incidente recurrente reportado,El servicio funciona de forma intermitente.,docentes,en_proceso,media,auditorio,Estacionamiento principal,,,manana
U013,758175,user13@iteso.mx,10888771,docente,TK-3037,Equipo lento durante el uso,El problema ocurre en mas de un dispositivo.,cosas_perdidas,en_proceso,alta,administracion,Cancha techada,Cartera,activo,manana
U013,758175,user13@iteso.mx,10888771,docente,TK-3038,Reporte de comportamiento extraño,Se necesita revision fisica del equipo.,docentes,en_proceso,alta,humanidades,Salon multidisciplinario,,,manana
U013,758175,user13@iteso.mx,10888771,docente,TK-3039,Mal funcionamiento en sala de lectura,Sistema muestra mensajes de error al iniciar.,instalaciones,en_proceso,baja,salon_multi,Banos edificio A,,,manana
U014,768086,user14@iteso.mx,96690170,docente,TK-3040,Advertencia de seguridad,El incidente afecta a varias personas del area.,cosas_perdidas,en_proceso,media,ingenierias,Estacionamiento principal,Mochila,activo,manana
U014,768086,user14@iteso.mx,96690170,docente,TK-3041,Llaves extraviadas en cafetería,Impide uso normal del espacio.,docentes,cerrado,media,apoyo_estudiantil,Gimnasio principal,,,manana
U014,768086,user14@iteso.mx,96690170,docente,TK-3042,Incidente en edificio de ingenierias,El equipo deja de responder aleatoriamente.,cosas_perdidas,en_proceso,alta,estudios,Laboratorio de quimica,USB,activo,tarde_noche
U015,751144,user15@iteso.mx,58276970,docente,TK-3043,Reporte de incidencia,Error aparece despues de unos minutos de uso.,docentes,abierto,alta,domo,Centro de medios,,,manana
U015,751144,user15@iteso.mx,58276970,docente,TK-3044,Equipo no responde durante sesión,Sistema muestra mensajes de error al iniciar.,docentes,en_proceso,baja,lab_quimica,Domo deportivo,,,manana
U015,751144,user15@iteso.mx,58276970,docente,TK-3045,Falla en sistema de impresion,Se detecto comportamiento inusual en el sistema.,instalaciones,en_proceso,alta,humanidades,Auditorio principal,,,manana
U016,755253,user16@iteso.mx,25193656,estudiante,TK-3046,Problema en red del edificio,Se solicita atencion prioritaria al incidente.,instalaciones,en_proceso,alta,negocios,Salon multidisciplinario,,,manana
U016,755253,user16@iteso.mx,25193656,estudiante,TK-3047,Problema en red del edificio,El incidente afecta a varias personas del area.,docentes,cerrado,alta,gimnasio,Sala de lectura,,,manana
U016,755253,user16@iteso.mx,25193656,estudiante,TK-3048,Problema detectado durante la clase,El incidente afecta a varias personas del area.,instalaciones,abierto,baja,estacionamiento,Auditorio principal,,,manana
U017,776923,user17@iteso.mx,92156010,docente,TK-3049,Llaves extraviadas en cafetería,El problema ocurre en mas de un dispositivo.,docentes,en_proceso,baja,cafeteria,Edificio humanidades,,,tarde_noche
U017,776923,user17@iteso.mx,92156010,docente,TK-3050,Incidente durante clase,Se necesita revision fisica del equipo.,docentes,cerrado,media,taller_ingenieria,Cafeteria central,,,tarde_noche
U017,776923,user17@iteso.mx,92156010,docente,TK-3051,Reporte preliminar de incidente,La falla ocurre solo en ciertos horarios.,cosas_perdidas,cerrado,baja,taller_ingenieria,Gimnasio principal,Llaves,activo,tarde_noche
U018,761975,user18@iteso.mx,55588235,docente,TK-3052,Extravio de cartera en instalaciones,El equipo deja de responder aleatoriamente.,docentes,abierto,media,estacionamiento,Cafeteria central,,,tarde_noche
U018,761975,user18@iteso.mx,55588235,docente,TK-3053,Daño en pantalla del laboratorio,El servicio funciona de forma intermitente.,docentes,cerrado,baja,cancha,Gimnasio principal,,,manana
U018,761975,user18@iteso.mx,55588235,docente,TK-3054,Error al iniciar sesion,El fallo se detecto durante la clase.,instalaciones,abierto,media,cancha,Salon multidisciplinario,,,manana
U019,760972,user19@iteso.mx,29591178,docente,TK-3055,Reporte de equipo defectuoso,Impide uso normal del espacio.,cosas_perdidas,cerrado,alta,banos,Centro de apoyo estudiantil,Llaves,encontrado,manana
U019,760972,user19@iteso.mx,29591178,docente,TK-3056,Revisión solicitada del equipo,El servicio funciona de forma intermitente.,cosas_perdidas,abierto,media,negocios,Gimnasio principal,Mochila,activo,tarde_noche
U019,760972,user19@iteso.mx,29591178,docente,TK-3057,Falla en proyector del salon,Situacion reportada previamente sin solucion.,docentes,en_proceso,media,lab_computo,Biblioteca central,,,tarde_noche
U020,763044,user20@iteso.mx,83450046,estudiante,TK-3058,Reporte de equipo defectuoso,Se sospecha un problema de conexion.,instalaciones,en_proceso,media,lab_computo,Sala de lectura,,,manana
U020,763044,user20@iteso.mx,83450046,estudiante,TK-3059,Llaves extraviadas en cafetería,El equipo tarda demasiado en responder.,cosas_perdidas,en_proceso,media,salon_multi,Sala de lectura,Llaves,encontrado,tarde_noche
U020,763044,user20@iteso.mx,83450046,estudiante,TK-3060,Problema en laboratorio de computo,Se detecto comportamiento inusual en el sistema.,instalaciones,cerrado,alta,lab_computo,Sala de lectura,,,manana
U021,772814,user21@iteso.mx,38332441,estudiante,TK-3061,Falla en sistema de impresion,El problema ocurre en mas de un dispositivo.,docentes,abierto,alta,humanidades,Laboratorio de quimica,,,tarde_noche
U021,772814,user21@iteso.mx,38332441,estudiante,TK-3062,Objeto perdido en biblioteca,Se necesita revision fisica del equipo.,instalaciones,cerrado,media,cancha,Centro de medios,,,manana
U021,772814,user21@iteso.mx,38332441,estudiante,TK-3063,Daño en pantalla del laboratorio,El fallo se detecto durante la clase.,docentes,cerrado,baja,domo,Auditorio principal,,,tarde_noche
U022,750102,user22@iteso.mx,48499127,docente,TK-3064,Profesor solicita revisión del equipo,El servicio funciona de forma intermitente.,instalaciones,en_proceso,alta,taller_ingenieria,Estacionamiento principal,,,manana
U022,750102,user22@iteso.mx,48499127,docente,TK-3065,Profesor solicita revisión del equipo,El usuario no puede completar sus actividades.,cosas_perdidas,en_proceso,alta,domo,Cafeteria central,Cartera,activo,manana
U022,750102,user22@iteso.mx,48499127,docente,TK-3066,Reporte de situación anómala,Validar posible riesgo de seguridad.,instalaciones,cerrado,alta,gimnasio,Edificio humanidades,,,manana
U023,778521,user23@iteso.mx,56759172,docente,TK-3067,Interrupción en presentación del docente,Se necesita revision fisica del equipo.,instalaciones,abierto,alta,taller_ingenieria,Centro de medios,,,tarde_noche
U023,778521,user23@iteso.mx,56759172,docente,TK-3068,Extravio de cartera en instalaciones,El servicio funciona de forma intermitente.,instalaciones,abierto,baja,estudios,Centro de medios,,,manana
U023,778521,user23@iteso.mx,56759172,docente,TK-3069,Reporte de equipo defectuoso,Situacion reportada previamente sin solucion.,instalaciones,abierto,alta,lab_quimica,Edificio ingenierias,,,tarde_noche
U024,771316,user24@iteso.mx,46868365,estudiante,TK-3070,Revisión solicitada del equipo,El problema se presenta desde la semana pasada.,instalaciones,abierto,alta,estudios,Estacionamiento principal,,,manana
U024,771316,user24@iteso.mx,46868365,estudiante,TK-3071,Solicitud de mantenimiento,Se necesita revision fisica del equipo.,instalaciones,cerrado,media,cafeteria,Gimnasio principal,,,tarde_noche
U024,771316,user24@iteso.mx,46868365,estudiante,TK-3072,Reporte de mochila perdida,Validar posible riesgo de seguridad.,docentes,abierto,alta,apoyo_estudiantil,Biblioteca central,,,manana
U025,761153,user25@iteso.mx,42739281,estudiante,TK-3073,Sistema no responde,Error aparece despues de unos minutos de uso.,docentes,en_proceso,alta,lab_quimica,Cancha techada,,,tarde_noche
U025,761153,user25@iteso.mx,42739281,estudiante,TK-3074,Incidente durante clase,Se necesita revision fisica del equipo.,docentes,cerrado,baja,lab_computo,Gimnasio principal,,,tarde_noche
U025,761153,user25@iteso.mx,42739281,estudiante,TK-3075,Reporte general de mantenimiento,Situacion reportada previamente sin solucion.,docentes,cerrado,baja,humanidades,Estacionamiento principal,,,tarde_noche
U026,768571,user26@iteso.mx,51010769,docente,TK-3076,Incidente durante clase,El servicio funciona de forma intermitente.,docentes,en_proceso,baja,estudios,Centro de medios,,,tarde_noche
U026,768571,user26@iteso.mx,51010769,docente,TK-3077,Problema detectado durante la clase,El equipo deja de responder aleatoriamente.,instalaciones,abierto,media,humanidades,Edificio ingenierias,,,tarde_noche
U026,768571,user26@iteso.mx,51010769,docente,TK-3078,Objeto perdido en biblioteca,Se necesita revision fisica del equipo.,docentes,cerrado,alta,gimnasio,Centro de apoyo estudiantil,,,tarde_noche
U027,765270,user27@iteso.mx,60560713,estudiante,TK-3079,Error al iniciar sesion,El servicio funciona de forma intermitente.,docentes,en_proceso,alta,apoyo_estudiantil,Biblioteca central,,,manana
U027,765270,user27@iteso.mx,60560713,estudiante,TK-3080,Objeto perdido en biblioteca,Se necesita revision fisica del equipo.,instalaciones,cerrado,media,salon_multi,Centro de medios,,,manana
U027,765270,user27@iteso.mx,60560713,estudiante,TK-3081,Incidente recurrente reportado,Situacion reportada previamente sin solucion.,instalaciones,en_proceso,media,banos,Sala de lectura,,,tarde_noche
U028,772822,user28@iteso.mx,60747424,estudiante,TK-3082,Falla en equipo de computo,Se solicita atencion prioritaria al incidente.,instalaciones,abierto,baja,salon_multi,Edificio humanidades,,,manana
U028,772822,user28@iteso.mx,60747424,estudiante,TK-3083,Interrupción en presentación del docente,Se sospecha un problema de conexion.,cosas_perdidas,cerrado,baja,ingenierias,Edificio ingenierias,Guantes,activo,tarde_noche
U028,772822,user28@iteso.mx,60747424,estudiante,TK-3084,Inconveniente en área de estudio,Se solicita atencion prioritaria al incidente.,docentes,cerrado,baja,taller_ingenieria,Salon multidisciplinario,,,manana
U029,767270,user29@iteso.mx,12967004,docente,TK-3085,Sistema no responde,El fallo se detecto durante la clase.,instalaciones,en_proceso,alta,lab_quimica,Centro de medios,,,tarde_noche
U029,767270,user29@iteso.mx,12967004,docente,TK-3086,Aviso de comportamiento anormal,Se detecto comportamiento inusual en el sistema.,cosas_perdidas,en_proceso,baja,gimnasio,Laboratorio de quimica,USB,encontrado,tarde_noche
U029,767270,user29@iteso.mx,12967004,docente,TK-3087,Mal funcionamiento en sala de lectura,El equipo tarda demasiado en responder.,instalaciones,en_proceso,baja,apoyo_estudiantil,Centro de medios,,,tarde_noche
U030,760438,user30@iteso.mx,74492669,estudiante,TK-3088,Incidente en edificio de ingenierias,Situacion reportada previamente sin solucion.,cosas_perdidas,cerrado,alta,ingenierias,Banos edificio A,Guantes,encontrado,tarde_noche
U030,760438,user30@iteso.mx,74492669,estudiante,TK-3089,Reporte general de mantenimiento,Se detecto comportamiento inusual en el sistema.,docentes,cerrado,baja,apoyo_estudiantil,Domo deportivo,,,tarde_noche
U030,760438,user30@iteso.mx,74492669,estudiante,TK-3090,Incidente recurrente reportado,El usuario no puede completar sus actividades.,docentes,en_proceso,alta,humanidades,Salon multidisciplinario,,,tarde_noche
U031,760660,user31@iteso.mx,78558812,estudiante,TK-3091,Mal funcionamiento en sala de lectura,El equipo deja de responder aleatoriamente.,docentes,abierto,media,lab_quimica,Cancha techada,,,manana
U031,760660,user31@iteso.mx,78558812,estudiante,TK-3092,Error al iniciar sesion,El servicio funciona de forma intermitente.,instalaciones,abierto,baja,banos,Cafeteria central,,,manana
U031,760660,user31@iteso.mx,78558812,estudiante,TK-3093,Reporte de mochila perdida,Validar posible riesgo de seguridad.,docentes,abierto,alta,estudios,Auditorio principal,,,manana
U032,765441,user32@iteso.mx,13862950,estudiante,TK-3094,Sistema no responde,Se detecto comportamiento inusual en el sistema.,docentes,cerrado,media,negocios,Cafeteria central,,,tarde_noche
U032,765441,user32@iteso.mx,13862950,estudiante,TK-3095,Equipo no responde durante sesión,Configuracion no se guardo correctamente.,cosas_perdidas,en_proceso,baja,lab_quimica,Banos edificio A,USB,activo,manana
U032,765441,user32@iteso.mx,13862950,estudiante,TK-3096,Daño en puerta del aula,Se requiere revision por parte de soporte.,instalaciones,en_proceso,alta,cancha,Sala de lectura,,,manana
U033,761112,user33@iteso.mx,92721600,estudiante,TK-3097,Revisión solicitada del equipo,Se solicita atencion prioritaria al incidente.,cosas_perdidas,cerrado,alta,gimnasio,Cafeteria central,Cartera,encontrado,manana
U033,761112,user33@iteso.mx,92721600,estudiante,TK-3098,Daño en mobiliario,Sistema muestra mensajes de error al iniciar.,cosas_perdidas,abierto,media,domo,Taller de ingenieria,Cartera,activo,manana
U033,761112,user33@iteso.mx,92721600,estudiante,TK-3099,Solicitud de verificación de red,El servicio funciona de forma intermitente.,docentes,abierto,baja,cancha,Auditorio principal,,,tarde_noche
U034,769354,user34@iteso.mx,16377167,docente,TK-3100,Inconveniente en área de estudio,Se detecto comportamiento inusual en el sistema.,instalaciones,abierto,baja,estudios,Laboratorio de quimica,,,manana
U034,769354,user34@iteso.mx,16377167,docente,TK-3101,Problema en red del edificio,Error aparece despues de unos minutos de uso.,docentes,en_proceso,media,lab_quimica,Salon multidisciplinario,,,tarde_noche
U034,769354,user34@iteso.mx,16377167,docente,TK-3102,Falla en red del edificio,Validar posible riesgo de seguridad.,cosas_perdidas,en_proceso,baja,gimnasio,Banos edificio A,USB,activo,manana
U035,757021,user35@iteso.mx,10388411,docente,TK-3103,Solicitud de verificación de red,Configuracion no se guardo correctamente.,docentes,abierto,media,domo,Laboratorio de computo,,,manana
U035,757021,user35@iteso.mx,10388411,docente,TK-3104,Objeto perdido en biblioteca,El problema ocurre en mas de un dispositivo.,instalaciones,en_proceso,baja,gimnasio,Sala de lectura,,,tarde_noche
U035,757021,user35@iteso.mx,10388411,docente,TK-3105,Falla en bocinas del aula,Se requiere revision por parte de soporte.,cosas_perdidas,abierto,media,banos,Laboratorio de computo,Guantes,activo,manana
U036,756479,user36@iteso.mx,28770061,estudiante,TK-3106,Reporte general de mantenimiento,Validar posible riesgo de seguridad.,docentes,abierto,baja,cancha,Auditorio principal,,,tarde_noche
U036,756479,user36@iteso.mx,28770061,estudiante,TK-3107,Reporte de incidencia,El problema se presenta desde la semana pasada.,cosas_perdidas,abierto,alta,ingenierias,Auditorio principal,Guantes,activo,tarde_noche
U036,756479,user36@iteso.mx,28770061,estudiante,TK-3108,Reporte de incidencia,Impide uso normal del espacio.,docentes,cerrado,alta,gimnasio,Auditorio principal,,,manana
U037,772015,user37@iteso.mx,86071398,docente,TK-3109,Solicitud de verificación de red,Error aparece despues de unos minutos de uso.,instalaciones,abierto,alta,salon_multi,Estacionamiento principal,,,manana
U037,772015,user37@iteso.mx,86071398,docente,TK-3110,Falla en sistema de impresion,El usuario no puede completar sus actividades.,cosas_perdidas,en_proceso,media,humanidades,Centro de apoyo estudiantil,Cartera,activo,manana
U037,772015,user37@iteso.mx,86071398,docente,TK-3111,Reporte de falla en iluminación,El problema se presenta desde la semana pasada.,cosas_perdidas,abierto,alta,cafeteria,Edificio administrativo,Guantes,encontrado,manana
U038,750709,user38@iteso.mx,17273364,estudiante,TK-3112,Falla en equipo de computo,Impide uso normal del espacio.,cosas_perdidas,en_proceso,baja,domo,Edificio administrativo,Mochila,activo,tarde_noche
U038,750709,user38@iteso.mx,17273364,estudiante,TK-3113,Falla en equipo de computo,Se detecto comportamiento inusual en el sistema.,instalaciones,cerrado,baja,auditorio,Banos edificio A,,,tarde_noche
U038,750709,user38@iteso.mx,17273364,estudiante,TK-3114,Problema en laboratorio de computo,Error aparece despues de unos minutos de uso.,docentes,abierto,media,administracion,Domo deportivo,,,tarde_noche
U039,778089,user39@iteso.mx,32209669,estudiante,TK-3115,Daño en puerta del aula,Validar posible riesgo de seguridad.,cosas_perdidas,cerrado,baja,humanidades,Edificio negocios,Guantes,activo,tarde_noche
U039,778089,user39@iteso.mx,32209669,estudiante,TK-3116,Error al iniciar sesion,El problema ocurre en mas de un dispositivo.,docentes,en_proceso,alta,administracion,Laboratorio de computo,,,tarde_noche
U039,778089,user39@iteso.mx,32209669,estudiante,TK-3117,Solicitud de verificación de red,El usuario no puede completar sus actividades.,docentes,cerrado,baja,gimnasio,Laboratorio de computo,,,tarde_noche
U040,756822,user40@iteso.mx,72765467,docente,TK-3118,Problema detectado durante la clase,Se detecto comportamiento inusual en el sistema.,instalaciones,cerrado,alta,negocios,Gimnasio principal,,,tarde_noche
U040,756822,user40@iteso.mx,72765467,docente,TK-3119,Incidente durante clase,El incidente afecta a varias personas del area.,cosas_perdidas,en_proceso,alta,auditorio,Taller de ingenieria,USB,activo,tarde_noche
U040,756822,user40@iteso.mx,72765467,docente,TK-3120,Se encontró objeto sin dueño,Error aparece despues de unos minutos de uso.,docentes,cerrado,alta,salon_multi,Domo deportivo,,,tarde_noche
U041,761650,user41@iteso.mx,23523440,docente,TK-3121,Reporte de mochila perdida,Se solicita atencion prioritaria al incidente.,cosas_perdidas,abierto,media,cafeteria,Taller de ingenieria,Cartera,activo,manana
U041,761650,user41@iteso.mx,23523440,docente,TK-3122,Daño en cableado electrico,Sistema muestra mensajes de error al iniciar.,instalaciones,cerrado,media,cafeteria,Gimnasio principal,,,tarde_noche
U041,761650,user41@iteso.mx,23523440,docente,TK-3123,Daño en mobiliario,El fallo se detecto durante la clase.,instalaciones,en_proceso,baja,lab_quimica,Laboratorio de quimica,,,manana
U042,752090,user42@iteso.mx,97505007,estudiante,TK-3124,Incidente recurrente reportado,El fallo se detecto durante la clase.,docentes,cerrado,media,cafeteria,Cafeteria central,,,manana
U042,752090,user42@iteso.mx,97505007,estudiante,TK-3125,Problema detectado durante la clase,Se necesita revision fisica del equipo.,instalaciones,cerrado,alta,lab_quimica,Sala de lectura,,,manana
U042,752090,user42@iteso.mx,97505007,estudiante,TK-3126,Daño en cableado electrico,El problema ocurre en mas de un dispositivo.,docentes,en_proceso,media,humanidades,Estacionamiento principal,,,tarde_noche
U043,772746,user43@iteso.mx,02856472,docente,TK-3127,Reporte general de mantenimiento,Error aparece despues de unos minutos de uso.,cosas_perdidas,abierto,media,lab_quimica,Salon multidisciplinario,Llaves,activo,manana
U043,772746,user43@iteso.mx,02856472,docente,TK-3128,Daño en puerta del aula,El equipo deja de responder aleatoriamente.,cosas_perdidas,en_proceso,media,estacionamiento,Domo deportivo,Llaves,activo,manana
U043,772746,user43@iteso.mx,02856472,docente,TK-3129,Interrupción en presentación del docente,El problema se presenta desde la semana pasada.,instalaciones,abierto,media,cancha,Domo deportivo,,,manana
U044,763645,user44@iteso.mx,38996166,estudiante,TK-3130,Falla en red del edificio,Situacion reportada previamente sin solucion.,docentes,abierto,alta,lab_computo,Gimnasio principal,,,tarde_noche
U044,763645,user44@iteso.mx,38996166,estudiante,TK-3131,Profesor solicita revisión del equipo,Se necesita revision fisica del equipo.,cosas_perdidas,en_proceso,baja,cafeteria,Edificio negocios,Mochila,activo,manana
U044,763645,user44@iteso.mx,38996166,estudiante,TK-3132,Revisión solicitada del equipo,Validar posible riesgo de seguridad.,cosas_perdidas,abierto,media,humanidades,Sala de lectura,Llaves,activo,tarde_noche
U045,766497,user45@iteso.mx,25183660,docente,TK-3133,Mal funcionamiento en sala de lectura,Se requiere revision por parte de soporte.,instalaciones,abierto,baja,taller_ingenieria,Laboratorio de quimica,,,tarde_noche
U045,766497,user45@iteso.mx,25183660,docente,TK-3134,Incidente recurrente reportado,La falla ocurre solo en ciertos horarios.,instalaciones,cerrado,media,lab_computo,Estacionamiento principal,,,tarde_noche
U045,766497,user45@iteso.mx,25183660,docente,TK-3135,Sistema no responde,Error aparece despues de unos minutos de uso.,docentes,abierto,media,biblioteca,Edificio ingenierias,,,tarde_noche
U046,764988,user46@iteso.mx,15938041,estudiante,TK-3136,Inconveniente en área de estudio,Sistema muestra mensajes de error al iniciar.,docentes,en_proceso,baja,domo,Taller de ingenieria,,,tarde_noche
U046,764988,user46@iteso.mx,15938041,estudiante,TK-3137,Aviso de comportamiento anormal,La falla ocurre solo en ciertos horarios.,cosas_perdidas,en_proceso,baja,domo,Gimnasio principal,Mochila,activo,manana
U046,764988,user46@iteso.mx,15938041,estudiante,TK-3138,Equipo lento durante el uso,Situacion reportada previamente sin solucion.,docentes,abierto,media,salon_multi,Edificio ingenierias,,,manana
U047,751943,user47@iteso.mx,33546554,estudiante,TK-3139,Incidente recurrente reportado,El equipo tarda demasiado en responder.,instalaciones,en_proceso,alta,estudios,Domo deportivo,,,tarde_noche
U047,751943,user47@iteso.mx,33546554,estudiante,TK-3140,Advertencia de seguridad,El problema se presenta desde la semana pasada.,cosas_perdidas,abierto,baja,ingenierias,Laboratorio de computo,Llaves,activo,tarde_noche
U047,751943,user47@iteso.mx,33546554,estudiante,TK-3141,Equipo lento durante el uso,Error aparece despues de unos minutos de uso.,instalaciones,cerrado,alta,administracion,Centro de medios,,,manana
U048,764710,user48@iteso.mx,21402861,docente,TK-3142,Reporte general de mantenimiento,El equipo deja de responder aleatoriamente.,docentes,abierto,media,salon_multi,Laboratorio de computo,,,tarde_noche
U048,764710,user48@iteso.mx,21402861,docente,TK-3143,Solicitud de verificación de red,El fallo se detecto durante la clase.,docentes,cerrado,baja,estacionamiento,Gimnasio principal,,,tarde_noche
U048,764710,user48@iteso.mx,21402861,docente,TK-3144,Reporte de falla en iluminación,Sistema muestra mensajes de error al iniciar.,docentes,en_proceso,baja,humanidades,Domo deportivo,,,tarde_noche
U049,769516,user49@iteso.mx,26658236,docente,TK-3145,Aviso de comportamiento anormal,El fallo se detecto durante la clase.,instalaciones,abierto,alta,banos,Auditorio principal,,,manana
U049,769516,user49@iteso.mx,26658236,docente,TK-3146,Reporte de incidencia,La falla ocurre solo en ciertos horarios.,instalaciones,abierto,media,lab_quimica,Cancha techada,,,tarde_noche
U049,769516,user49@iteso.mx,26658236,docente,TK-3147,Falla en equipo de computo,Se sospecha un problema de conexion.,instalaciones,en_proceso,baja,apoyo_estudiantil,Edificio negocios,,,manana
U050,772262,user50@iteso.mx,91504391,docente,TK-3148,Llaves extraviadas en cafetería,Se necesita revision fisica del equipo.,docentes,en_proceso,media,auditorio,Biblioteca central,,,tarde_noche
U050,772262,user50@iteso.mx,91504391,docente,TK-3149,Problema en red del edificio,Se necesita revision fisica del equipo.,docentes,en_proceso,alta,estudios,Edificio administrativo,,,tarde_noche
U050,772262,user50@iteso.mx,91504391,docente,TK-3150,Aviso de comportamiento anormal,Se sospecha un problema de conexion.,cosas_perdidas,cerrado,baja,banos,Edificio administrativo,Cartera,encontrado,tarde_noche
U051,750522,user51@iteso.mx,42790869,docente,TK-3151,Interrupción en presentación del docente,Error aparece despues de unos minutos de uso.,cosas_perdidas,cerrado,alta,administracion,Salon multidisciplinario,Llaves,encontrado,tarde_noche
U051,750522,user51@iteso.mx,42790869,docente,TK-3152,Reporte de incidencia,Situacion reportada previamente sin solucion.,instalaciones,cerrado,baja,administracion,Banos edificio A,,,manana
U051,750522,user51@iteso.mx,42790869,docente,TK-3153,Solicitud de verificación de red,Configuracion no se guardo correctamente.,docentes,cerrado,media,administracion,Cancha techada,,,tarde_noche
U052,750615,user52@iteso.mx,50536124,docente,TK-3154,Falla en red del edificio,Situacion reportada previamente sin solucion.,cosas_perdidas,en_proceso,baja,estacionamiento,Domo deportivo,Guantes,activo,tarde_noche
U052,750615,user52@iteso.mx,50536124,docente,TK-3155,Equipo no responde durante sesión,Situacion reportada previamente sin solucion.,docentes,cerrado,alta,estudios,Centro de medios,,,tarde_noche
U052,750615,user52@iteso.mx,50536124,docente,TK-3156,Objeto perdido en biblioteca,Situacion reportada previamente sin solucion.,instalaciones,en_proceso,baja,administracion,Salon multidisciplinario,,,tarde_noche
U053,751384,user53@iteso.mx,03192629,docente,TK-3157,Falla en proyector del salon,Se sospecha un problema de conexion.,cosas_perdidas,cerrado,baja,negocios,Auditorio principal,Guantes,encontrado,tarde_noche
U053,751384,user53@iteso.mx,03192629,docente,TK-3158,Actualización requerida en sistema,Configuracion no se guardo correctamente.,instalaciones,cerrado,baja,estacionamiento,Domo deportivo,,,tarde_noche
U053,751384,user53@iteso.mx,03192629,docente,TK-3159,Reporte de incidencia,El equipo tarda demasiado en responder.,cosas_perdidas,en_proceso,media,lab_computo,Auditorio principal,USB,activo,manana
U054,757132,user54@iteso.mx,12376356,docente,TK-3160,Falla en proyector del salon,La falla ocurre solo en ciertos horarios.,cosas_perdidas,abierto,media,ingenierias,Centro de medios,Cartera,activo,tarde_noche
U054,757132,user54@iteso.mx,12376356,docente,TK-3161,Incidente en edificio de ingenierias,El problema ocurre en mas de un dispositivo.,instalaciones,cerrado,alta,biblioteca,Auditorio principal,,,manana
U054,757132,user54@iteso.mx,12376356,docente,TK-3162,Solicitud de mantenimiento,Configuracion no se guardo correctamente.,instalaciones,en_proceso,alta,lab_quimica,Salon multidisciplinario,,,tarde_noche
U055,758810,user55@iteso.mx,87075855,estudiante,TK-3163,Falla en equipo de computo,Se sospecha un problema de conexion.,cosas_perdidas,en_proceso,baja,humanidades,Centro de medios,Llaves,activo,manana
U055,758810,user55@iteso.mx,87075855,estudiante,TK-3164,Falla en proyector del salon,El fallo se detecto durante la clase.,docentes,cerrado,baja,lab_computo,Edificio negocios,,,manana
U055,758810,user55@iteso.mx,87075855,estudiante,TK-3165,Daño en mobiliario,El equipo tarda demasiado en responder.,instalaciones,cerrado,baja,salon_multi,Laboratorio de quimica,,,manana
U056,751073,user56@iteso.mx,94908002,estudiante,TK-3166,Reporte de incidencia,El usuario no puede completar sus actividades.,docentes,en_proceso,baja,cafeteria,Edificio ingenierias,,,tarde_noche
U056,751073,user56@iteso.mx,94908002,estudiante,TK-3167,Mal funcionamiento en sala de lectura,El fallo se detecto durante la clase.,cosas_perdidas,abierto,baja,cancha,Salon multidisciplinario,Cartera,activo,tarde_noche
U056,751073,user56@iteso.mx,94908002,estudiante,TK-3168,Advertencia de seguridad,El fallo se detecto durante la clase.,cosas_perdidas,abierto,media,banos,Gimnasio principal,USB,activo,tarde_noche
U057,761784,user57@iteso.mx,02971778,estudiante,TK-3169,Problema en laboratorio de computo,El servicio funciona de forma intermitente.,instalaciones,en_proceso,alta,lab_quimica,Gimnasio principal,,,manana
U057,761784,user57@iteso.mx,02971778,estudiante,TK-3170,Petición de soporte técnico,Impide uso normal del espacio.,cosas_perdidas,cerrado,media,lab_computo,Cancha techada,Llaves,activo,manana
U057,761784,user57@iteso.mx,02971778,estudiante,TK-3171,Falla en red del edificio,El problema se presenta desde la semana pasada.,docentes,en_proceso,alta,salon_multi,Cancha techada,,,tarde_noche
U058,765476,user58@iteso.mx,53779118,estudiante,TK-3172,Equipo no responde durante sesión,Se solicita atencion prioritaria al incidente.,docentes,en_proceso,media,estacionamiento,Edificio negocios,,,tarde_noche
U058,765476,user58@iteso.mx,53779118,estudiante,TK-3173,Actualización requerida en sistema,El incidente afecta a varias personas del area.,cosas_perdidas,en_proceso,baja,ingenierias,Edificio administrativo,Guantes,activo,manana
U058,765476,user58@iteso.mx,53779118,estudiante,TK-3174,Llaves extraviadas en cafetería,El equipo tarda demasiado en responder.,cosas_perdidas,abierto,media,cancha,Edificio administrativo,Llaves,encontrado,tarde_noche
U059,775709,user59@iteso.mx,99787096,estudiante,TK-3175,Daño en cableado electrico,Error aparece despues de unos minutos de uso.,cosas_perdidas,en_proceso,media,cafeteria,Gimnasio principal,Llaves,activo,manana
U059,775709,user59@iteso.mx,99787096,estudiante,TK-3176,Se encontró objeto sin dueño,El fallo se detecto durante la clase.,docentes,abierto,alta,taller_ingenieria,Gimnasio principal,,,tarde_noche
U059,775709,user59@iteso.mx,99787096,estudiante,TK-3177,Falla en red del edificio,Impide uso normal del espacio.,instalaciones,en_proceso,alta,estudios,Taller de ingenieria,,,manana
U060,777556,user60@iteso.mx,08333571,docente,TK-3178,Daño en mobiliario,Se necesita revision fisica del equipo.,docentes,en_proceso,baja,taller_ingenieria,Sala de lectura,,,tarde_noche
U060,777556,user60@iteso.mx,08333571,docente,TK-3179,Reporte de incidencia,Se requiere revision por parte de soporte.,docentes,cerrado,alta,cafeteria,Taller de ingenieria,,,manana
U060,777556,user60@iteso.mx,08333571,docente,TK-3180,Se encontró objeto sin dueño,El problema ocurre en mas de un dispositivo.,cosas_perdidas,en_proceso,media,lab_quimica,Laboratorio de quimica,Cartera,activo,manana
U061,751442,user61@iteso.mx,74444617,docente,TK-3181,Solicitud de verificación de red,Configuracion no se guardo correctamente.,instalaciones,abierto,media,apoyo_estudiantil,Edificio administrativo,,,manana
U061,751442,user61@iteso.mx,74444617,docente,TK-3182,Interrupción en presentación del docente,Validar posible riesgo de seguridad.,instalaciones,abierto,alta,biblioteca,Cafeteria central,,,tarde_noche
U061,751442,user61@iteso.mx,74444617,docente,TK-3183,Incidente durante clase,Se requiere revision por parte de soporte.,instalaciones,abierto,alta,lab_computo,Edificio negocios,,,tarde_noche
U062,766931,user62@iteso.mx,08431747,estudiante,TK-3184,Daño en cableado electrico,Se necesita revision fisica del equipo.,instalaciones,en_proceso,alta,banos,Biblioteca central,,,manana
U062,766931,user62@iteso.mx,08431747,estudiante,TK-3185,Profesor solicita revisión del equipo,Validar posible riesgo de seguridad.,instalaciones,cerrado,alta,estudios,Gimnasio principal,,,tarde_noche
U062,766931,user62@iteso.mx,08431747,estudiante,TK-3186,Inconveniente en área de estudio,El problema ocurre en mas de un dispositivo.,docentes,abierto,baja,taller_ingenieria,Edificio humanidades,,,manana
U063,767728,user63@iteso.mx,49163526,docente,TK-3187,Incidente recurrente reportado,Se detecto comportamiento inusual en el sistema.,instalaciones,en_proceso,media,negocios,Edificio humanidades,,,tarde_noche
U063,767728,user63@iteso.mx,49163526,docente,TK-3188,Incidente recurrente reportado,Sistema muestra mensajes de error al iniciar.,docentes,abierto,alta,salon_multi,Laboratorio de computo,,,tarde_noche
U063,767728,user63@iteso.mx,49163526,docente,TK-3189,Equipo lento durante el uso,El fallo se detecto durante la clase.,docentes,cerrado,baja,apoyo_estudiantil,Taller de ingenieria,,,tarde_noche
U064,759803,user64@iteso.mx,88178319,docente,TK-3190,Daño en puerta del aula,La falla ocurre solo en ciertos horarios.,cosas_perdidas,en_proceso,alta,humanidades,Salon multidisciplinario,Llaves,encontrado,manana
U064,759803,user64@iteso.mx,88178319,docente,TK-3191,Reporte de equipo defectuoso,Sistema muestra mensajes de error al iniciar.,cosas_perdidas,cerrado,baja,estudios,Laboratorio de quimica,Llaves,encontrado,tarde_noche
U064,759803,user64@iteso.mx,88178319,docente,TK-3192,Revisión solicitada del equipo,El problema se presenta desde la semana pasada.,cosas_perdidas,en_proceso,media,salon_multi,Edificio ingenierias,Llaves,encontrado,tarde_noche
U065,757334,user65@iteso.mx,52389820,docente,TK-3193,Incidente recurrente reportado,El equipo deja de responder aleatoriamente.,docentes,cerrado,media,estacionamiento,Edificio ingenierias,,,tarde_noche
U065,757334,user65@iteso.mx,52389820,docente,TK-3194,Reporte general de mantenimiento,Se solicita atencion prioritaria al incidente.,docentes,en_proceso,alta,estacionamiento,Domo deportivo,,,tarde_noche
U065,757334,user65@iteso.mx,52389820,docente,TK-3195,Daño en cableado electrico,La falla ocurre solo en ciertos horarios.,docentes,abierto,alta,salon_multi,Cancha techada,,,tarde_noche
U066,751005,user66@iteso.mx,74676116,estudiante,TK-3196,Equipo lento durante el uso,Se necesita revision fisica del equipo.,cosas_perdidas,en_proceso,baja,cafeteria,Estacionamiento principal,USB,encontrado,tarde_noche
U066,751005,user66@iteso.mx,74676116,estudiante,TK-3197,Problema detectado durante la clase,Se solicita atencion prioritaria al incidente.,docentes,cerrado,baja,taller_ingenieria,Banos edificio A,,,tarde_noche
U066,751005,user66@iteso.mx,74676116,estudiante,TK-3198,Revisión solicitada del equipo,Se solicita atencion prioritaria al incidente.,cosas_perdidas,abierto,media,domo,Edificio negocios,Cartera,encontrado,manana
U067,754964,user67@iteso.mx,30107641,estudiante,TK-3199,Extravio de cartera en instalaciones,Se necesita revision fisica del equipo.,instalaciones,abierto,baja,biblioteca,Sala de lectura,,,tarde_noche
U067,754964,user67@iteso.mx,30107641,estudiante,TK-3200,Equipo no responde durante sesión,El servicio funciona de forma intermitente.,docentes,cerrado,media,auditorio,Centro de apoyo estudiantil,,,tarde_noche
U067,754964,user67@iteso.mx,30107641,estudiante,TK-3201,Extravio de cartera en instalaciones,El fallo se detecto durante la clase.,instalaciones,abierto,alta,negocios,Edificio ingenierias,,,manana
U068,763672,user68@iteso.mx,64702171,estudiante,TK-3202,Solicitud de verificación de red,El equipo deja de responder aleatoriamente.,instalaciones,en_proceso,alta,cafeteria,Edificio administrativo,,,manana
U068,763672,user68@iteso.mx,64702171,estudiante,TK-3203,Problema en red del edificio,La falla ocurre solo en ciertos horarios.,cosas_perdidas,en_proceso,media,gimnasio,Auditorio principal,Mochila,encontrado,tarde_noche
U068,763672,user68@iteso.mx,64702171,estudiante,TK-3204,Daño en pantalla del laboratorio,Error aparece despues de unos minutos de uso.,instalaciones,abierto,alta,estacionamiento,Salon multidisciplinario,,,tarde_noche
U069,755192,user69@iteso.mx,42984631,estudiante,TK-3205,Inconveniente en área de estudio,El fallo se detecto durante la clase.,instalaciones,en_proceso,baja,gimnasio,Biblioteca central,,,tarde_noche
U069,755192,user69@iteso.mx,42984631,estudiante,TK-3206,Incidente recurrente reportado,El problema se presenta desde la semana pasada.,docentes,cerrado,alta,cafeteria,Centro de apoyo estudiantil,,,manana
U069,755192,user69@iteso.mx,42984631,estudiante,TK-3207,Reporte de falla en iluminación,Situacion reportada previamente sin solucion.,cosas_perdidas,cerrado,baja,domo,Cancha techada,Guantes,encontrado,tarde_noche
U070,750122,user70@iteso.mx,18158670,estudiante,TK-3208,Daño en puerta del aula,El servicio funciona de forma intermitente.,docentes,abierto,baja,taller_ingenieria,Gimnasio principal,,,manana
U070,750122,user70@iteso.mx,18158670,estudiante,TK-3209,Problema en red del edificio,Se detecto comportamiento inusual en el sistema.,instalaciones,en_proceso,alta,banos,Taller de ingenieria,,,manana
U070,750122,user70@iteso.mx,18158670,estudiante,TK-3210,Sistema no responde,El equipo tarda demasiado en responder.,instalaciones,abierto,baja,gimnasio,Edificio administrativo,,,tarde_noche
U071,776142,user71@iteso.mx,27848940,docente,TK-3211,Objeto perdido en biblioteca,Se solicita atencion prioritaria al incidente.,cosas_perdidas,cerrado,media,biblioteca,Edificio negocios,USB,activo,manana
U071,776142,user71@iteso.mx,27848940,docente,TK-3212,Llaves extraviadas en cafetería,El incidente afecta a varias personas del area.,instalaciones,en_proceso,alta,apoyo_estudiantil,Estacionamiento principal,,,manana
U071,776142,user71@iteso.mx,27848940,docente,TK-3213,Problema en laboratorio de computo,El servicio funciona de forma intermitente.,instalaciones,en_proceso,baja,negocios,Edificio administrativo,,,tarde_noche
U072,776740,user72@iteso.mx,88130382,estudiante,TK-3214,Reporte de comportamiento extraño,Se detecto comportamiento inusual en el sistema.,instalaciones,cerrado,media,lab_quimica,Centro de apoyo estudiantil,,,manana
U072,776740,user72@iteso.mx,88130382,estudiante,TK-3215,Profesor solicita revisión del equipo,El equipo deja de responder aleatoriamente.,docentes,cerrado,media,domo,Laboratorio de computo,,,manana
U072,776740,user72@iteso.mx,88130382,estudiante,TK-3216,Daño en equipo multimedia,Error aparece despues de unos minutos de uso.,instalaciones,abierto,baja,taller_ingenieria,Laboratorio de quimica,,,manana
U073,765668,user73@iteso.mx,77453684,estudiante,TK-3217,Solicitud de mantenimiento,El problema se presenta desde la semana pasada.,cosas_perdidas,cerrado,baja,domo,Sala de lectura,USB,encontrado,tarde_noche
U073,765668,user73@iteso.mx,77453684,estudiante,TK-3218,Falla en equipo de computo,Validar posible riesgo de seguridad.,docentes,abierto,media,lab_computo,Biblioteca central,,,manana
U073,765668,user73@iteso.mx,77453684,estudiante,TK-3219,Llaves extraviadas en cafetería,La falla ocurre solo en ciertos horarios.,cosas_perdidas,en_proceso,baja,auditorio,Laboratorio de computo,Cartera,encontrado,tarde_noche
U074,753294,user74@iteso.mx,39097152,docente,TK-3220,Problema detectado durante la clase,La falla ocurre solo en ciertos horarios.,cosas_perdidas,cerrado,baja,administracion,Edificio negocios,Cartera,activo,tarde_noche
U074,753294,user74@iteso.mx,39097152,docente,TK-3221,Reporte de comportamiento extraño,Se solicita atencion prioritaria al incidente.,instalaciones,abierto,alta,lab_quimica,Sala de lectura,,,manana
U074,753294,user74@iteso.mx,39097152,docente,TK-3222,Daño en pantalla del laboratorio,El equipo deja de responder aleatoriamente.,docentes,cerrado,baja,domo,Edificio administrativo,,,manana
U075,769465,user75@iteso.mx,42983511,docente,TK-3223,Interrupción en presentación del docente,Situacion reportada previamente sin solucion.,instalaciones,en_proceso,baja,humanidades,Estacionamiento principal,,,manana
U075,769465,user75@iteso.mx,42983511,docente,TK-3224,Reporte de situación anómala,Impide uso normal del espacio.,cosas_perdidas,en_proceso,media,apoyo_estudiantil,Centro de apoyo estudiantil,Llaves,activo,manana
U075,769465,user75@iteso.mx,42983511,docente,TK-3225,Se encontró objeto sin dueño,La falla ocurre solo en ciertos horarios.,docentes,abierto,baja,banos,Laboratorio de quimica,,,manana
U076,770795,user76@iteso.mx,10317475,estudiante,TK-3226,Solicitud de mantenimiento,Se sospecha un problema de conexion.,cosas_perdidas,en_proceso,media,domo,Banos edificio A,Mochila,encontrado,manana
U076,770795,user76@iteso.mx,10317475,estudiante,TK-3227,Reporte preliminar de incidente,Sistema muestra mensajes de error al iniciar.,cosas_perdidas,en_proceso,media,apoyo_estudiantil,Auditorio principal,Llaves,activo,tarde_noche
U076,770795,user76@iteso.mx,10317475,estudiante,TK-3228,Advertencia de seguridad,El servicio funciona de forma intermitente.,docentes,abierto,alta,humanidades,Laboratorio de quimica,,,manana
U077,775835,user77@iteso.mx,75424743,estudiante,TK-3229,Aviso de comportamiento anormal,Se necesita revision fisica del equipo.,cosas_perdidas,abierto,baja,estacionamiento,Domo deportivo,Mochila,activo,manana
U077,775835,user77@iteso.mx,75424743,estudiante,TK-3230,Se encontró objeto sin dueño,Sistema muestra mensajes de error al iniciar.,instalaciones,en_proceso,baja,salon_multi,Auditorio principal,,,manana
U077,775835,user77@iteso.mx,75424743,estudiante,TK-3231,Incidente durante clase,Se requiere revision por parte de soporte.,cosas_perdidas,abierto,alta,negocios,Cafeteria central,Guantes,encontrado,manana
U078,772735,user78@iteso.mx,62505471,docente,TK-3232,Solicitud de mantenimiento,Se sospecha un problema de conexion.,instalaciones,en_proceso,baja,humanidades,Edificio negocios,,,manana
U078,772735,user78@iteso.mx,62505471,docente,TK-3233,Reporte de falla en iluminación,Se requiere revision por parte de soporte.,docentes,en_proceso,alta,salon_multi,Edificio ingenierias,,,tarde_noche
U078,772735,user78@iteso.mx,62505471,docente,TK-3234,Reporte preliminar de incidente,Situacion reportada previamente sin solucion.,instalaciones,cerrado,alta,lab_quimica,Auditorio principal,,,manana
U079,764796,user79@iteso.mx,75951454,docente,TK-3235,Daño en puerta del aula,Se solicita atencion prioritaria al incidente.,instalaciones,cerrado,baja,auditorio,Edificio humanidades,,,tarde_noche
U079,764796,user79@iteso.mx,75951454,docente,TK-3236,Daño en mobiliario,Se necesita revision fisica del equipo.,cosas_perdidas,en_proceso,baja,domo,Edificio humanidades,USB,activo,manana
U079,764796,user79@iteso.mx,75951454,docente,TK-3237,Revisión solicitada del equipo,Error aparece despues de unos minutos de uso.,cosas_perdidas,abierto,alta,negocios,Centro de apoyo estudiantil,Mochila,activo,tarde_noche
U080,775904,user80@iteso.mx,17523191,estudiante,TK-3238,Solicitud de verificación de red,El problema ocurre en mas de un dispositivo.,cosas_perdidas,cerrado,baja,ingenierias,Auditorio principal,Guantes,encontrado,manana
U080,775904,user80@iteso.mx,17523191,estudiante,TK-3239,Problema en laboratorio de computo,Se necesita revision fisica del equipo.,cosas_perdidas,en_proceso,alta,salon_multi,Laboratorio de quimica,Mochila,activo,manana
U080,775904,user80@iteso.mx,17523191,estudiante,TK-3240,Reporte de equipo defectuoso,Sistema muestra mensajes de error al iniciar.,docentes,cerrado,baja,banos,Estacionamiento principal,,,manana
U081,753001,user81@iteso.mx,75990429,docente,TK-3241,Interrupción en presentación del docente,El usuario no puede completar sus actividades.,cosas_perdidas,abierto,media,lab_computo,Cancha techada,USB,activo,manana
U081,753001,user81@iteso.mx,75990429,docente,TK-3242,Reporte general de mantenimiento,La falla ocurre solo en ciertos horarios.,docentes,en_proceso,baja,lab_quimica,Banos edificio A,,,manana
U081,753001,user81@iteso.mx,75990429,docente,TK-3243,Falla en bocinas del aula,El incidente afecta a varias personas del area.,cosas_perdidas,abierto,media,estudios,Salon multidisciplinario,Cartera,activo,tarde_noche
U082,770815,user82@iteso.mx,67192900,docente,TK-3244,Reporte preliminar de incidente,Se sospecha un problema de conexion.,instalaciones,abierto,media,gimnasio,Banos edificio A,,,manana
U082,770815,user82@iteso.mx,67192900,docente,TK-3245,Incidente durante clase,Impide uso normal del espacio.,docentes,abierto,alta,administracion,Edificio humanidades,,,manana
U082,770815,user82@iteso.mx,67192900,docente,TK-3246,Reporte de comportamiento extraño,Se sospecha un problema de conexion.,instalaciones,abierto,baja,estacionamiento,Cafeteria central,,,tarde_noche
U083,779800,user83@iteso.mx,08335295,estudiante,TK-3247,Llaves extraviadas en cafetería,El usuario no puede completar sus actividades.,cosas_perdidas,cerrado,baja,ingenierias,Estacionamiento principal,Guantes,activo,tarde_noche
U083,779800,user83@iteso.mx,08335295,estudiante,TK-3248,Advertencia de seguridad,El usuario no puede completar sus actividades.,docentes,en_proceso,alta,apoyo_estudiantil,Centro de medios,,,tarde_noche
U083,779800,user83@iteso.mx,08335295,estudiante,TK-3249,Problema en red del edificio,El equipo tarda demasiado en responder.,docentes,abierto,media,ingenierias,Cancha techada,,,tarde_noche
U084,755023,user84@iteso.mx,03274361,estudiante,TK-3250,Reporte general de mantenimiento,El servicio funciona de forma intermitente.,cosas_perdidas,en_proceso,media,gimnasio,Sala de lectura,Llaves,encontrado,tarde_noche
U084,755023,user84@iteso.mx,03274361,estudiante,TK-3251,Petición de soporte técnico,Se necesita revision fisica del equipo.,docentes,abierto,baja,auditorio,Cancha techada,,,tarde_noche
U084,755023,user84@iteso.mx,03274361,estudiante,TK-3252,Incidente durante clase,El equipo deja de responder aleatoriamente.,docentes,cerrado,baja,domo,Centro de apoyo estudiantil,,,manana
U085,766173,user85@iteso.mx,14441774,docente,TK-3253,Reporte de incidencia,Impide uso normal del espacio.,cosas_perdidas,abierto,alta,humanidades,Sala de lectura,USB,encontrado,manana
U085,766173,user85@iteso.mx,14441774,docente,TK-3254,Incidente durante clase,Se solicita atencion prioritaria al incidente.,docentes,en_proceso,media,humanidades,Sala de lectura,,,manana
U085,766173,user85@iteso.mx,14441774,docente,TK-3255,Advertencia de seguridad,El incidente afecta a varias personas del area.,cosas_perdidas,abierto,media,lab_computo,Gimnasio principal,Llaves,encontrado,manana
U086,759877,user86@iteso.mx,58385456,estudiante,TK-3256,Se encontró objeto sin dueño,El incidente afecta a varias personas del area.,cosas_perdidas,en_proceso,baja,domo,Auditorio principal,USB,activo,tarde_noche
U086,759877,user86@iteso.mx,58385456,estudiante,TK-3257,Interrupción en presentación del docente,El equipo deja de responder aleatoriamente.,docentes,en_proceso,alta,biblioteca,Cafeteria central,,,manana
U086,759877,user86@iteso.mx,58385456,estudiante,TK-3258,Inconveniente en área de estudio,Sistema muestra mensajes de error al iniciar.,instalaciones,cerrado,media,cancha,Auditorio principal,,,tarde_noche
U087,759875,user87@iteso.mx,56070810,estudiante,TK-3259,Reporte de equipo defectuoso,Error aparece despues de unos minutos de uso.,cosas_perdidas,abierto,alta,apoyo_estudiantil,Cancha techada,Llaves,activo,manana
U087,759875,user87@iteso.mx,56070810,estudiante,TK-3260,Llaves extraviadas en cafetería,Error aparece despues de unos minutos de uso.,instalaciones,cerrado,baja,auditorio,Laboratorio de computo,,,tarde_noche
U087,759875,user87@iteso.mx,56070810,estudiante,TK-3261,Advertencia de seguridad,El equipo deja de responder aleatoriamente.,docentes,cerrado,baja,humanidades,Taller de ingenieria,,,tarde_noche
U088,764339,user88@iteso.mx,64718901,docente,TK-3262,Equipo lento durante el uso,Sistema muestra mensajes de error al iniciar.,docentes,cerrado,baja,banos,Laboratorio de computo,,,tarde_noche
U088,764339,user88@iteso.mx,64718901,docente,TK-3263,Reporte de mochila perdida,Validar posible riesgo de seguridad.,cosas_perdidas,cerrado,alta,gimnasio,Laboratorio de quimica,Mochila,encontrado,manana
U088,764339,user88@iteso.mx,64718901,docente,TK-3264,Daño en pantalla del laboratorio,El equipo deja de responder aleatoriamente.,docentes,abierto,media,administracion,Auditorio principal,,,manana
U089,760885,user89@iteso.mx,40693135,docente,TK-3265,Aviso de comportamiento anormal,Se detecto comportamiento inusual en el sistema.,docentes,abierto,alta,apoyo_estudiantil,Edificio humanidades,,,manana
U089,760885,user89@iteso.mx,40693135,docente,TK-3266,Sistema no responde,Se solicita atencion prioritaria al incidente.,instalaciones,abierto,media,administracion,Taller de ingenieria,,,tarde_noche
U089,760885,user89@iteso.mx,40693135,docente,TK-3267,Reporte preliminar de incidente,El usuario no puede completar sus actividades.,docentes,en_proceso,alta,estudios,Laboratorio de computo,,,tarde_noche
U090,777266,user90@iteso.mx,20015938,estudiante,TK-3268,Profesor solicita revisión del equipo,Se sospecha un problema de conexion.,instalaciones,cerrado,baja,auditorio,Estacionamiento principal,,,tarde_noche
U090,777266,user90@iteso.mx,20015938,estudiante,TK-3269,Interrupción en presentación del docente,La falla ocurre solo en ciertos horarios.,cosas_perdidas,en_proceso,alta,lab_quimica,Salon multidisciplinario,Llaves,activo,tarde_noche
U090,777266,user90@iteso.mx,20015938,estudiante,TK-3270,Inconveniente en área de estudio,Se requiere revision por parte de soporte.,instalaciones,abierto,media,administracion,Cafeteria central,,,manana
U091,765056,user91@iteso.mx,00657081,estudiante,TK-3271,Falla en red del edificio,Situacion reportada previamente sin solucion.,docentes,abierto,alta,banos,Salon multidisciplinario,,,tarde_noche
U091,765056,user91@iteso.mx,00657081,estudiante,TK-3272,Sistema no responde,La falla ocurre solo en ciertos horarios.,docentes,abierto,baja,domo,Laboratorio de computo,,,manana
U091,765056,user91@iteso.mx,00657081,estudiante,TK-3273,Falla en bocinas del aula,Impide uso normal del espacio.,instalaciones,cerrado,alta,administracion,Estacionamiento principal,,,tarde_noche
U092,750530,user92@iteso.mx,11571626,docente,TK-3274,Problema en laboratorio de computo,Validar posible riesgo de seguridad.,instalaciones,en_proceso,alta,cancha,Centro de medios,,,manana
U092,750530,user92@iteso.mx,11571626,docente,TK-3275,Daño en equipo multimedia,El fallo se detecto durante la clase.,instalaciones,en_proceso,media,salon_multi,Edificio administrativo,,,manana
U092,750530,user92@iteso.mx,11571626,docente,TK-3276,Daño en pantalla del laboratorio,El fallo se detecto durante la clase.,docentes,en_proceso,media,auditorio,Salon multidisciplinario,,,tarde_noche
U093,777976,user93@iteso.mx,12452802,estudiante,TK-3277,Petición de soporte técnico,Se solicita atencion prioritaria al incidente.,docentes,abierto,alta,ingenierias,Gimnasio principal,,,tarde_noche
U093,777976,user93@iteso.mx,12452802,estudiante,TK-3278,Falla en red del edificio,Se detecto comportamiento inusual en el sistema.,instalaciones,en_proceso,media,gimnasio,Laboratorio de computo,,,tarde_noche
U093,777976,user93@iteso.mx,12452802,estudiante,TK-3279,Revisión solicitada del equipo,El equipo tarda demasiado en responder.,docentes,en_proceso,baja,domo,Centro de medios,,,tarde_noche
U094,762222,user94@iteso.mx,86479926,docente,TK-3280,Llaves extraviadas en cafetería,El incidente afecta a varias personas del area.,instalaciones,en_proceso,alta,apoyo_estudiantil,Estacionamiento principal,,,manana
U094,762222,user94@iteso.mx,86479926,docente,TK-3281,Incidente durante clase,Error aparece despues de unos minutos de uso.,cosas_perdidas,abierto,alta,estacionamiento,Edificio administrativo,Llaves,encontrado,tarde_noche
U094,762222,user94@iteso.mx,86479926,docente,TK-3282,Actualización requerida en sistema,El equipo deja de responder aleatoriamente.,cosas_perdidas,en_proceso,media,salon_multi,Gimnasio principal,Guantes,activo,manana
U095,765730,user95@iteso.mx,62041467,docente,TK-3283,Profesor solicita revisión del equipo,Se sospecha un problema de conexion.,instalaciones,abierto,alta,taller_ingenieria,Laboratorio de quimica,,,manana
U095,765730,user95@iteso.mx,62041467,docente,TK-3284,Solicitud de mantenimiento,Se sospecha un problema de conexion.,cosas_perdidas,cerrado,media,cancha,Edificio negocios,Mochila,encontrado,manana
U095,765730,user95@iteso.mx,62041467,docente,TK-3285,Revisión solicitada del equipo,El usuario no puede completar sus actividades.,instalaciones,cerrado,alta,lab_quimica,Auditorio principal,,,tarde_noche
U096,773937,user96@iteso.mx,93775306,estudiante,TK-3286,Incidente durante clase,Situacion reportada previamente sin solucion.,cosas_perdidas,cerrado,media,auditorio,Auditorio principal,USB,encontrado,manana
U096,773937,user96@iteso.mx,93775306,estudiante,TK-3287,Falla en bocinas del aula,Se requiere revision por parte de soporte.,docentes,cerrado,alta,biblioteca,Auditorio principal,,,manana
U096,773937,user96@iteso.mx,93775306,estudiante,TK-3288,Error al iniciar sesion,Se sospecha un problema de conexion.,cosas_perdidas,en_proceso,media,banos,Estacionamiento principal,Guantes,activo,tarde_noche
U097,772643,user97@iteso.mx,83485218,estudiante,TK-3289,Equipo lento durante el uso,Se sospecha un problema de conexion.,instalaciones,cerrado,alta,negocios,Edificio humanidades,,,tarde_noche
U097,772643,user97@iteso.mx,83485218,estudiante,TK-3290,Daño en puerta del aula,Error aparece despues de unos minutos de uso.,cosas_perdidas,abierto,alta,banos,Domo deportivo,USB,encontrado,tarde_noche
U097,772643,user97@iteso.mx,83485218,estudiante,TK-3291,Reporte de situación anómala,Error aparece despues de unos minutos de uso.,cosas_perdidas,cerrado,baja,administracion,Edificio administrativo,Guantes,encontrado,tarde_noche
U098,760755,user98@iteso.mx,36759280,docente,TK-3292,Daño en cableado electrico,El usuario no puede completar sus actividades.,instalaciones,abierto,media,lab_computo,Laboratorio de computo,,,tarde_noche
U098,760755,user98@iteso.mx,36759280,docente,TK-3293,Reporte de equipo defectuoso,El equipo tarda demasiado en responder.,instalaciones,abierto,alta,negocios,Cafeteria central,,,manana
U098,760755,user98@iteso.mx,36759280,docente,TK-3294,Daño en equipo multimedia,La falla ocurre solo en ciertos horarios.,instalaciones,abierto,baja,auditorio,Banos edificio A,,,tarde_noche
U099,754568,user99@iteso.mx,54171584,estudiante,TK-3295,Reporte de incidencia,El servicio funciona de forma intermitente.,docentes,abierto,alta,auditorio,Sala de lectura,,,tarde_noche
U099,754568,user99@iteso.mx,54171584,estudiante,TK-3296,Reporte de falla en iluminación,Validar posible riesgo de seguridad.,docentes,cerrado,baja,domo,Edificio negocios,,,tarde_noche
U099,754568,user99@iteso.mx,54171584,estudiante,TK-3297,Problema en laboratorio de computo,El servicio funciona de forma intermitente.,cosas_perdidas,cerrado,media,administracion,Estacionamiento principal,Llaves,activo,tarde_noche
U100,772794,user100@iteso.mx,93354129,estudiante,TK-3298,Equipo no responde durante sesión,Se sospecha un problema de conexion.,docentes,abierto,alta,estudios,Salon multidisciplinario,,,tarde_noche
U100,772794,user100@iteso.mx,93354129,estudiante,TK-3299,Solicitud de verificación de red,Configuracion no se guardo correctamente.,cosas_perdidas,en_proceso,media,cafeteria,Auditorio principal,Llaves,encontrado,manana
U100,772794,user100@iteso.mx,93354129,estudiante,TK-3300,Aviso de comportamiento anormal,Se solicita atencion prioritaria al incidente.,instalaciones,cerrado,media,taller_ingenieria,Cafeteria central,,,tarde_noche
